<ImportExportXml xmlns:xsi="http://www.w3.org/2001/XMLSchema-instance">
  <Entities></Entities>
  <Roles></Roles>
  <Workflows></Workflows>
  <FieldSecurityProfiles></FieldSecurityProfiles>
  <Templates />
  <EntityMaps />
  <EntityRelationships />
  <OrganizationSettings />
  <optionsets />
  <CustomControls />
  <EntityDataProviders />
  <CanvasApps>
    <CanvasApp>
      <Name>ya_cryptapp_cc24e</Name>
      <AppVersion>2021-12-11T10:20:55Z</AppVersion>
      <Status>Ready</Status>
      <CreatedByClientVersion>3.21114.18.0</CreatedByClientVersion>
      <MinClientVersion>3.21114.18.0</MinClientVersion>
      <Tags>{"primaryDeviceWidth":"1366","primaryDeviceHeight":"768","sienaVersion":"0da2c9c3-ca1a-4aab-b443-ce5d9e27057a","deviceCapabilities":"","supportsPortrait":"true","supportsLandscape":"true","primaryFormFactor":"Tablet","publisherVersion":"3.21114.18","minimumRequiredApiVersion":"2.2.0","hasComponent":"false","hasUnlockedComponent":"false","isUnifiedRootApp":"false"}</Tags>
      <IsCdsUpgraded>0</IsCdsUpgraded>
      <GalleryItemId xsi:nil="true"></GalleryItemId>
      <BackgroundColor>RGBA(0,176,240,1)</BackgroundColor>
      <DisplayName>CryptApp</DisplayName>
      <Description xsi:nil="true"></Description>
      <CommitMessage xsi:nil="true"></CommitMessage>
      <Publisher xsi:nil="true"></Publisher>
      <AuthorizationReferences>[]</AuthorizationReferences>
      <ConnectionReferences>{"28cd9676-0761-4911-92ce-9e1a3781e77f":{"id":"/providers/microsoft.powerapps/apis/shared_ya-5fcryptconnector-5f01c647c33275b153","displayName":"CryptConnector","iconUri":"https://az787822.vo.msecnd.net/defaulticons/api-dedicated.png","dataSources":["CryptConnector"],"dependencies":[],"dependents":[],"parameterHints":{},"parameterHintsV2":{},"isOnPremiseConnection":false,"bypassConsent":false,"dataSets":{},"apiTier":"Standard","actions":["Enc","Dec"],"customApiLogicalName":"ya_5Fcryptconnector","isCustomApiSolutionAware":true}}</ConnectionReferences>
      <DatabaseReferences>{}</DatabaseReferences>
      <AppComponents>[]</AppComponents>
      <AppComponentDependencies>[]</AppComponentDependencies>
      <CanConsumeAppPass>1</CanConsumeAppPass>
      <CanvasAppType>0</CanvasAppType>
      <BypassConsent>0</BypassConsent>
      <AdminControlBypassConsent>0</AdminControlBypassConsent>
      <EmbeddedApp xsi:nil="true"></EmbeddedApp>
      <IntroducedVersion>1.0</IntroducedVersion>
      <CdsDependencies>{"cdsdependencies":[{"logicalname":"ya_5Fcryptconnector","componenttype":372,"componenttypeplatformname":"connector"}]}</CdsDependencies>
      <IsCustomizable>1</IsCustomizable>
      <BackgroundImageUri>/CanvasApps/ya_cryptapp_cc24e_BackgroundImageUri</BackgroundImageUri>
      <DocumentUri>/CanvasApps/ya_cryptapp_cc24e_DocumentUri.msapp</DocumentUri>
    </CanvasApp>
  </CanvasApps>
  <Connectors>
    <Connector>
      <connectorid>757fd487-3209-4abc-a86e-48e3cf1a74ca</connectorid>
      <description>暗号処理コネクタ</description>
      <displayname>CryptConnector</displayname>
      <iconbrandcolor>#00c0c7</iconbrandcolor>
      <name>ya_5Fcryptconnector</name>
      <connectortype>1</connectortype>
      <openapidefinition>/Connector/ya_5Fcryptconnector_openapidefinition.json</openapidefinition>
      <connectionparameters>/Connector/ya_5Fcryptconnector_connectionparameters.json</connectionparameters>
      <policytemplateinstances>/Connector/ya_5Fcryptconnector_policytemplateinstances.json</policytemplateinstances>
      <iconblob>/Connector/ya_5Fcryptconnector_iconblob.Png</iconblob>
    </Connector>
  </Connectors>
  <Languages>
    <Language>1041</Language>
  </Languages>
</ImportExportXml>